,mse_train,r2_train,mse_eval,r2_eval,alpha,n_train,n_eval,numeric_used_cols
Narrativity,0.6782380637880594,0.6652613929808942,0.6789214455140309,0.6608503211857575,1832.9807108324337,36315,9210,
Word_Concreteness_Mean_100,9.58901247990911,0.67788612889528,9.507102624181481,0.6731371940266431,1832.9807108324337,36315,9210,
Referential_Cohesion,20.159598774159814,0.8935689120850566,19.550116178186094,0.8928381296520049,143.8449888287663,36315,9210,
Deep_Cohesion,10.087642911153154,0.8122275638064957,10.236080691478026,0.8076378216205995,143.8449888287663,36315,9210,
Syntactic_Simplicity,9.552742617908752,0.8527973440614995,10.02397363682557,0.8518665271363917,784.7599703514607,36315,9210,
Flesch_Normalized,90.59287149587223,0.8933604969418747,94.37956337966693,0.8902426507735245,784.7599703514607,36315,9210,
